{"$N_C$": [1024], "$N_T$": [422], "$T": 5.778707504272461, "AC compressed file size": [755], "$\rho_{LLaMa+AC}$": [0.7373046875], "Compression Ratio": [0.0927734375]}